case,stance,hip_height_m,com_x,com_y,hip_yaw_Nm,hip_yaw_deg,hip_roll_Nm,hip_roll_deg,hip_pitch_Nm,hip_pitch_deg,knee_Nm,knee_deg,ankle_pitch_Nm,ankle_pitch_deg,ankle_roll_Nm,ankle_roll_deg,ankle_motor_Nm
stand_double_nominal,both,0.54,0.015,0.0,0.0,-0.0,0.574,0.0,0.505,-29.68,13.181,57.89,1.736,-28.22,0.0,0.0,0.868
stand_double_deep_squat,both,0.34,0.015,0.0,0.0,-0.0,0.574,0.0,0.505,-64.43,23.599,117.27,1.736,-52.84,0.0,0.0,0.868
single_leg_nominal,l,0.54,0.015,0.09,0.0,-0.0,24.689,-12.31,3.206,-27.57,23.901,52.78,3.494,-25.21,0.0,12.31,1.851
single_leg_bent_knee90,l,0.44,0.015,0.09,0.0,-0.0,24.549,-15.21,4.384,-46.97,37.893,87.42,3.451,-40.45,0.0,15.21,1.96
single_leg_cop_toe,l,0.5,0.125,0.09,0.0,-0.0,25.111,-13.69,0.827,-17.08,16.274,62.79,29.685,-45.71,0.0,13.69,17.077
single_leg_cop_heel,l,0.5,-0.065,0.09,0.0,-0.0,24.345,-13.1,5.202,-45.28,36.279,64.12,15.627,-18.84,0.0,13.1,8.147
single_leg_cop_outer_edge,l,0.5,0.015,0.1275,0.0,-0.0,25.488,-18.57,3.473,-33.74,28.087,63.99,3.39,-30.25,9.197,18.57,7.769
single_leg_cop_inner_edge,l,0.5,0.015,0.0525,0.0,-0.0,23.81,-7.86,3.957,-37.93,32.543,71.46,3.542,-33.52,9.197,7.86,8.336
single_leg_cop_toe_outer_corner,l,0.5,0.125,0.1275,0.0,-0.0,26.074,-19.0,0.596,-14.58,13.668,57.53,28.889,-42.95,9.197,19.0,16.161
