ID,Subsystem,Part,Exact model,Specification,Quantity,Supplier,URL,Unit price INR,Total INR,Price basis,Availability,Weight kg (each),Alternative,Alternative price INR,Reason selected,Status,Evidence,Date checked,Phase
JX1-001,Legs,Joint actuator,RobStride RS04,"120/40 N·m peak/rated, 9:1, 48 V, CAN 1 Mbps, 14-bit abs., Ø120×56",4,"RobStride Dynamics (import, courier)",https://robstride.com  (official intl. store; datasheets github.com/RobStride/Product_Information),34634,138536,ESTIMATED landed: USD list × 95.96 × 1.323 duty × 1.07 ship,In stock at official store; NOT stocked in India (Robu/Robocraze/ThinkRobotics/Amazon.in searched),1.42,Same unit via China distributor (CNY 1199),24008,hip pitch + knee: only class meeting 85/71 N·m peak and 26-30 N·m continuous with policy margins (iter1-B),SELECTED,VERIFIED list price / ESTIMATED landed,2026-09-24,1
JX1-002,Legs,Joint actuator,RobStride RS03,"60/20 N·m, 9:1, 48 V, CAN, Ø106×56",2,"RobStride Dynamics (import, courier)",https://robstride.com  (official intl. store; datasheets github.com/RobStride/Product_Information),30560,61120,ESTIMATED landed: USD list × 95.96 × 1.323 duty × 1.07 ship,In stock at official store; NOT stocked in India (Robu/Robocraze/ThinkRobotics/Amazon.in searched),0.88,Same unit via China distributor (CNY 999),20004,hip roll: 50 N·m peak / 17 N·m cont. required,SELECTED,VERIFIED list price / ESTIMATED landed,2026-09-24,1
JX1-003,Legs,Joint actuator,RobStride RS06,"36/11 N·m, 9:1, 48 V, 50 rad/s, Ø88×49",6,"RobStride Dynamics (import, courier)",https://robstride.com  (official intl. store; datasheets github.com/RobStride/Product_Information),28522,171132,ESTIMATED landed: USD list × 95.96 × 1.323 duty × 1.07 ship,In stock at official store; NOT stocked in India (Robu/Robocraze/ThinkRobotics/Amazon.in searched),0.621,Same unit via China distributor (CNY 849),17000,hip yaw (37 N·m) and parallel-ankle pairs (32 N·m motor-side incl. toe-stand),SELECTED,VERIFIED list price / ESTIMATED landed,2026-09-24,1
JX1-004,Torso,Joint actuator,RobStride RS06,36/11 N·m,1,"RobStride Dynamics (import, courier)",https://robstride.com  (official intl. store; datasheets github.com/RobStride/Product_Information),28522,28522,ESTIMATED landed: USD list × 95.96 × 1.323 duty × 1.07 ship,In stock at official store; NOT stocked in India (Robu/Robocraze/ThinkRobotics/Amazon.in searched),0.621,Same unit via China distributor (CNY 849),17000,waist yaw 21 N·m peak required,SELECTED,VERIFIED list price / ESTIMATED landed,2026-09-24,2
JX1-005,Arms,Joint actuator,RobStride RS02,"17/6 N·m, 7.75:1, Ø78.5×45.5",4,"RobStride Dynamics (import, courier)",https://robstride.com  (official intl. store; datasheets github.com/RobStride/Product_Information),19694,78776,ESTIMATED landed: USD list × 95.96 × 1.323 duty × 1.07 ship,In stock at official store; NOT stocked in India (Robu/Robocraze/ThinkRobotics/Amazon.in searched),0.38,Same unit via China distributor (CNY 699),13997,shoulder pitch/roll 15 N·m at 0.3 kg payload,SELECTED,VERIFIED list price / ESTIMATED landed,2026-09-24,2
JX1-006,Arms,Joint actuator,RobStride RS00,"14/5 N·m, 10:1, Ø57×51",4,"RobStride Dynamics (import, courier)",https://robstride.com  (official intl. store; datasheets github.com/RobStride/Product_Information),16978,67912,ESTIMATED landed: USD list × 95.96 × 1.323 duty × 1.07 ship,In stock at official store; NOT stocked in India (Robu/Robocraze/ThinkRobotics/Amazon.in searched),0.31,Same unit via China distributor (CNY 598),11974,"shoulder yaw 9 N·m, elbow 6 N·m",SELECTED,VERIFIED list price / ESTIMATED landed,2026-09-24,2
JX1-007,Legs,Hip yaw bracket (L/R),JX1_HipYawBracket,"FDM PA-CF, 4 walls, 40 % gyroid, ~0.15 kg (~7 h)",2,In-house Bambu P1S,CAD/Hip,105,210,ESTIMATED print time @ ₹15/h (material in filament line),Make,0.15,Outsourced CF-PETG print (iamRapid ≈ ₹42/g),6300,"structural bracket, printable in one piece",PLANNED,VERIFIED,2026-09-24,1
JX1-008,Legs,Hip roll bracket (L/R),JX1_HipRollBracket,FDM PA-CF ~0.18 kg (~8 h),2,In-house Bambu P1S,CAD/Hip,120,240,ESTIMATED print time @ ₹15/h,Make,0.18,,,L-bracket joining roll output to pitch housing,PLANNED,VERIFIED,2026-09-24,1
JX1-009,Legs,Thigh plate (L/R),JX1_Thigh,"6061-T6 8 mm plate, waterjet/CNC + 2 flanges",2,Local CNC job shop (Makenica instant quote / Robocon CNC),https://makenica.com/cnc-machining-service-online/,4000,8000,"ESTIMATED (no public per-part price; FabFlow claims ₹450-1,200/bracket)",Quote required,0.55,FDM PA-CF thigh (stiffness check pending),1500,carries hip-pitch + knee loads; coplanar actuator faces,PLANNED,VERIFIED,2026-09-24,1
JX1-010,Legs,Shin (L/R),JX1_Shin,"FDM PA-CF ~0.40 kg (web + knee plate + fork, ~16 h)",2,In-house Bambu P1S,CAD/Shin,240,480,ESTIMATED print time @ ₹15/h,Make,0.4,Al plate web + printed fork,3500,central web carries both ankle motors,PLANNED,VERIFIED,2026-09-24,1
JX1-011,Legs,Ankle cross (spider),JX1_AnkleCross,"EN8/EN24 steel, 32×33×26 turned + 2 cross-drilled Ø8 bores",2,Local turner,,800,1600,ESTIMATED,Quote required,0.2,,,"universal-joint centre, hardened pins",PLANNED,VERIFIED,2026-09-24,1
JX1-012,Legs,Ankle pins,Astro hard-chrome Ø8 rod 1 m (cut to 4 pins),Ø8 h6 hard-chrome carbon steel,1,Robokits,https://robokits.co.in/mechanical-parts/cnc-router-xyz-axis-part/astro-chrome-plated-steel-rods/,280,280,excl. GST (may be added),In stock,0.4,,,,PLANNED,VERIFIED,2026-09-24,1
JX1-013,Legs,Needle bearings,N2K HK0810,8×12×10 drawn-cup needle bearing,8,bearinghouse.in,https://bearinghouse.in/shop/n2k-hk0810-needle-roller-bearing/,35.4,283,incl. GST,In stock,0.004,,,,PLANNED,VERIFIED,2026-09-24,1
JX1-014,Legs,Ankle crank,JX1_AnkleCrank,"6061 6 mm plate, CNC/laser, pilot recess",4,Local CNC / laser,,600,2400,ESTIMATED,Quote required,0.05,,,,PLANNED,VERIFIED,2026-09-24,1
JX1-015,Legs,Rod-end bearings,N2K POS5 / PHS5 (M5),"M5 rod end, female/male",8,bearinghouse.in,https://bearinghouse.in/shop/n2k-pos5-rod-end-bearing/,141.6,1133,incl. GST,In stock,0.02,THK POS5,1769,10x cheaper than THK; adequate for 32 N·m motor / 50 mm crank (≈ 640 N rod force),PLANNED,VERIFIED,2026-09-24,1
JX1-016,Legs,Push-rod studs,M5 threaded rod SS304 (cut to 199/106 mm),M5,4,Robokits / local hardware,,60,240,ESTIMATED,In stock,0.02,,,,PLANNED,VERIFIED,2026-09-24,1
JX1-017,Legs,Foot (L/R),JX1_Foot,FDM PA-CF ~0.30 kg + clevis + rod posts (~12 h),2,In-house Bambu P1S,CAD/Foot,180,360,ESTIMATED print time @ ₹15/h,Make,0.3,,,,PLANNED,VERIFIED,2026-09-24,1
JX1-018,Legs,Sole pad material,4 mm rubber anti-skid mat (cut),4 mm rubber,1,Moglix,https://www.moglix.com/forgesy-4-mm-rubber-anti-skid-yoga-mat/mp/msn8kl2wp0rr5v,548,548,incl. GST,In stock,0.1,"TPU 95A printed sole (Elegoo ₹1,399/kg)",400,,PLANNED,VERIFIED,2026-09-24,1
JX1-019,Legs,Foot contact sensors,SOUSHINE FSR406,"39.7 mm FSR, 20 g-10 kg",8,Robu,https://robu.in/product/soushine-fsr406-short-tail-39-7-mm-39-7-mm-force-sensing-shunt-resistor-20g10kg/,379,3032,incl. GST,In stock,0.003,,,4 per foot for CoP estimation,OPTIONAL,VERIFIED,2026-09-24,2
JX1-020,Legs,Leg fasteners & inserts,Unbrako SHCS M3/M4/M5 packs + Quartz M3 heat-set inserts,per robot allowance,1,IndustryBuying / Quartz,https://www.industrybuying.com/dowel-pin-unbrako-FAM257317,3000,3000,"ESTIMATED from pack prices (₹211-530 per 100 SHCS, ₹33-70 per 10 inserts)",In stock (30-day lead on Unbrako),0.3,,,,PLANNED,VERIFIED,2026-09-24,1
JX1-021,Pelvis,Pelvis torsion box,JX1_Pelvis,"FDM PA-CF ~0.65 kg, M3 heat-set inserts (~24 h)",1,In-house Bambu P1S,CAD/Pelvis,360,360,ESTIMATED print time @ ₹15/h,Make,0.65,,,,PLANNED,VERIFIED,2026-09-24,1
JX1-022,Pelvis,IMU,7Semi BNO085 Nano breakout,"9-DOF fusion IMU, SPI/I2C",1,Evelta,https://evelta.com/7semi-bno085-9-dof-orientation-imu-fusion-nano-breakout/,2094.5,2094,incl. GST,In stock (21),0.005,SmartElex BNO085 (Robu),2409,"on-chip fusion, 400 Hz rotation vector",PLANNED,VERIFIED,2026-09-24,1
JX1-023,Electronics,High-level computer,"Waveshare JETSON-NANO-DEV-KIT (Nano 4 GB module, 16 GB eMMC, 64 GB card)","4× A57, 128-core Maxwell, 4 GB",1,ThinkRobotics,https://thinkrobotics.com/products/thinkrobotics-jetson-nano-dev-kit-sub,30899.99,30900,incl. GST,In stock,0.25,"Jetson Orin Nano Super dev kit (upgrade path, native CAN)",49999.99,brief mandates Jetson Nano; adequate for 50 Hz RL policy + vision (research B.2),PLANNED,VERIFIED,2026-09-24,1
JX1-024,Electronics,Real-time CAN hub MCU,PJRC Teensy 4.1,"i.MX RT1062 600 MHz, 3× CAN (1× CAN-FD)",2,Robu,https://robu.in/product/buy-teensy-4-1-development-board/,3539,7078,incl. GST,In stock,0.01,"WeAct STM32H743 core (2× FDCAN, Probots ₹3,999)",3999,"6 CAN buses total: 2 per leg (≤ 3 joints each) + 1 per arm; 500 Hz joint exchange, watchdogs, E-stop monitor",PLANNED,VERIFIED,2026-09-24,1
JX1-025,Electronics,CAN transceivers,NXP TJA1462AT (SOIC-8),CAN/CAN-FD 8 Mbit/s SIC transceiver,8,Sharvi Electronics,https://sharvielectronics.com/product/tja1462at-0z-can-fd-signal-improvement-transceiver-with-standby-mode-ic-soic-8-package/,120.78,966,incl. GST (₹102.36 ex),In stock,0.001,,,,PLANNED,VERIFIED,2026-09-24,1
JX1-026,Electronics,CAN hub carrier PCB,"JX1 hub board (2× Teensy, 6× transceiver, E-stop input, 5 V/12 V rails)","2-layer 100×100 mm, 5 pcs",1,Lion Circuits,https://lioncircuits.com/quote,2215,2215,"incl. GST (₹1,877 ex, public calculator)",~5 days,0.05,PCB Power,5210,cheapest verified Indian fab,PLANNED,VERIFIED,2026-09-24,1
JX1-027,Electronics,Bench USB-CAN adapter,Waveshare USB-CAN-A,CAN 2.0A/B up to 1 Mbps,1,Robu,https://robu.in/product/usb-to-can-adapter-model-a-stm32-chip-solution-multiple-working-modes-multi-system-compatible/,2189,2189,incl. GST,In stock,0.03,"MKS CANable V2 (Probots ₹3,899)",3899,actuator bring-up / diagnostics,PLANNED,VERIFIED,2026-09-24,1
JX1-028,Electronics,CAN / power harness,"JST-GH 1.25 2-4 pin leads, twisted pair, XT30 pairs",per robot,1,Probots / Robokits / Quartz,https://probots.co.in,3500,3500,"ESTIMATED from ₹25-42 GH leads, ₹40-65 XT pairs, ₹35-199 /m silicone wire",In stock,0.4,,,,PLANNED,VERIFIED,2026-09-24,1
JX1-029,Electronics,Wi-Fi card,Intel AC8265 for Jetson Nano,802.11ac + BT,1,Robocraze,https://robocraze.com/search?q=AC8265,2200,2200,incl. GST,In stock,0.01,,,,PLANNED,VERIFIED,2026-09-24,1
JX1-030,Power,Li-ion cells,Samsung INR21700-50S,"5.0 Ah, 45 A pulse / 25 A cont., 69 g",28,Robokits,https://robokits.co.in/batteries-chargers/samsung-premium-li-ion-battery/3.7v-samsung-li-ion-batteries/samsung-21700-5000mah-inr21700-50s-45a-9c-li-ion-battery-original,363.44,10176,incl. GST (₹308 ex),In stock,0.069,Molicel P45B (Robokits ₹481),481,"13S2P = 468 Wh, 50 A cont. vs 23 A peak demand; ₹20/Wh (26 + 2 spare)",PLANNED,VERIFIED,2026-09-24,1
JX1-031,Power,BMS,JBD SP14S004 smart BMS 10-14S 40 A,"13S configured, Bluetooth, precharge-capable",1,lionbattery.in,https://lionbattery.in/shop/shop/battery-bms/jbd-nmc-bms-hardware/,2199,2199,incl. GST,In stock (10),0.08,"Daly smart 13S 60 A (lionbattery ₹3,499)",3499,,PLANNED,VERIFIED,2026-09-24,1
JX1-032,Power,Pack build + test service,lionbattery.in pack/BMS test service,"spot welding, capacity test",1,lionbattery.in,https://lionbattery.in,2000,2000,ESTIMATED from published service price,Service,0.1,,,,PLANNED,VERIFIED,2026-09-24,1
JX1-033,Power,Battery connector,Amass XT90-S anti-spark pair,90 A,1,Robokits,https://robokits.co.in/batteries-chargers/plugs-and-connectors/amass-xt90s-anti-spark-connectors-male-female-pair-original,212.4,212,incl. GST,In stock,0.02,,,,PLANNED,VERIFIED,2026-09-24,1
JX1-034,Power,Motor-bus main switch,Flipsky Anti-Spark Switch Smart Enhanced 300A V2.0,"12-84 V, 100 A cont., remote-able",1,Technobotix,https://www.technobotix.in/products/flipsky-anti-spark-switch-smart-enhanced-300a-v2-0/1781252000001361046,7499,7499,incl. GST,In stock,0.12,custom MOSFET switch on hub PCB,1500,E-stop-controlled motor bus disconnect with precharge (no low-cost DC contactor in Indian retail),PLANNED,VERIFIED,2026-09-24,1
JX1-035,Power,Emergency stop,Schneider XB2BS8442C,"40 mm mushroom, twist release, 1NC",1,Moglix,https://www.moglix.com/schneider-electric-xb2bs8442c-emergency-stop-mushroom-head-40mm-harmony-xb2-22mm-1nc-red/mp/msnr50n3q8x251,399,399,incl. GST,In stock,0.08,LANBOO E-stop (Robu ₹374),374,,PLANNED,VERIFIED,2026-09-24,1
JX1-036,Power,Branch fuses,Littelfuse 0891030.NXS 30 A 58 V ATO,58 V rated (suits 54.6 V bus),4,Tanotis,https://www.tanotis.com/products/littelfuse-0891030-nxs-auto-blade-fuse-30a-58v,87.96,352,incl. GST + duty,Available,0.003,,,one per limb bus (32 V car fuses are NOT rated for 13S),PLANNED,VERIFIED,2026-09-24,1
JX1-037,Power,Fuse holders,"30 A inline ATO holder, 12 AWG",,4,lionbattery.in,https://lionbattery.in/shop/shop/batteries-accessories/connectors/30a-inline-fuse-holder-with-12awg-wire-200mm-heavy-duty-fuse-cable/,190,760,incl. GST (₹161 ex),In stock (4),0.02,,,,PLANNED,VERIFIED,2026-09-24,1
JX1-038,Power,Jetson 5 V supply,Mean Well DDR-60L-5,"18-75 V in, 5 V 10.8 A isolated",1,IndustryBuying,https://www.industrybuying.com/industrial-automation-accessories-mean-well-IND.IND.330812914,4247,4247,incl. GST,Ships in 15 days,0.18,6.5-60 V 10 A synchronous buck (ElectronicsComp ₹447),447,"isolated, brand-name supply for the computer",PLANNED,VERIFIED,2026-09-24,1
JX1-039,Power,12 V auxiliary supply,6.5-60 V → adjustable 10 A synchronous buck,"neck servos, fans",1,ElectronicsComp,https://www.electronicscomp.com/48v-36v-24v-to-19v-12v-9v-5v-3v-adjustable-synchronous-step-down-module-car-charging-power-supply,447.22,447,incl. GST,In stock (8),0.05,,,,PLANNED,VERIFIED,2026-09-24,1
JX1-040,Power,Charger,54.6 V 6 A Li-ion charger (13S),,1,Quartz Components,https://quartzcomponents.com,3315,3315,listed price (GST basis not stated),In stock,0.8,,,,PLANNED,VERIFIED,2026-09-24,1
JX1-041,Torso,Torso frame + battery bay,JX1 torso (PA-CF prints + 2020 extrusion spine),~1.5 kg (prints ~40 h + 2 m 2020 extrusion + brackets),1,In-house print + Robokits 2020,https://robokits.co.in,2600,2600,ESTIMATED print time + ₹341/m extrusion + hardware,Make,1.5,,,,PLANNED,VERIFIED,2026-09-24,2
JX1-042,Arms,"Arm structures (upper arm, forearm, shoulder brackets) ×2",JX1 arm set,FDM PA-CF ~1.0 kg total (~36 h),1,In-house Bambu P1S,CAD/Arms,540,540,ESTIMATED print time @ ₹15/h,Make,1.0,,,,PLANNED,VERIFIED,2026-09-24,2
JX1-043,Arms,Simple grippers ×2,JX1 parallel-jaw gripper (RS00-sized servo or bus servo),,2,In-house + Robu servo,,3500,7000,ESTIMATED,Phase 3,0.25,,,,DEFERRED,VERIFIED,2026-09-24,3
JX1-044,Head,Neck servos,Waveshare ST3215 serial bus servo,"19.5 kg·cm @ 7.4 V, 12-bit encoder",2,Robu,https://robu.in/product/waveshare-st3215-serial-bus-servo/,2159,4318,incl. GST,In stock,0.055,"Genuine Feetech STS3215 (Amazon.in ₹4,415 each)",4415,,PLANNED,VERIFIED,2026-09-24,2
JX1-045,Head,Bus-servo driver,SmartElex serial bus servo driver board,,1,Robu,https://robu.in/,509,509,incl. GST,In stock,0.02,,,,PLANNED,VERIFIED,2026-09-24,2
JX1-046,Head,Stereo camera,Waveshare IMX219-83 stereo,"2× 8 MP, 83° FOV, CSI",1,Robu,https://robu.in/product/waveshare-imx219-83-stereo-camera-8mp-binocular-camera-module-depth-vision/,6399,6399,incl. GST,In stock,0.04,"IMX219-77 mono (ThinkRobotics ₹1,700)",1700,,PLANNED,VERIFIED,2026-09-24,2
JX1-047,Head,Head shell + neck brackets,JX1 head,FDM PETG-CF ~0.3 kg (~12 h),1,In-house Bambu P1S,CAD/Head,180,180,ESTIMATED print time @ ₹15/h,Make,0.3,,,,PLANNED,VERIFIED,2026-09-24,2
JX1-048,Manufacturing,PA-CF filament,eSUN PA-CF 1.75 mm 1 kg,"structural prints (legs, pelvis, torso, arms)",5,3Idea,https://www.3idea.in/product-detail/esun-pa-cf-3d-printing-filament-black-1-75mm-net-weight-1kg,4799,23995,listed price,In stock,1.0,"Numakers PETG-CF (≈₹1,356/kg incl.)",1356,stiffness/heat resistance for actuator mounts; ~4.6 kg structural prints + 20 % waste; printed-part rows carry print time only,PLANNED,VERIFIED,2026-09-24,1
JX1-049,Manufacturing,PETG-CF filament,Numakers PETG-CF 1 kg,"covers, head, battery box",3,Numakers / 3D Master India,https://3dmasterindia.in/product/petg-carbon-fiber-1-75mm/,1356,4068,"incl. GST (≈₹1,149 ex)",In stock,1.0,,,,PLANNED,VERIFIED,2026-09-24,1
JX1-050,Manufacturing,Misc. consumables,"cable ties, spiral wrap, heat-shrink, drag chain 10×10, thread-locker",,1,Quartz / Robokits,https://robokits.co.in/3d-printer/accessories/cable-drag-chain-wire-carrier-with-end-connectors-10x10mm-1meter,2500,2500,ESTIMATED,In stock,0.2,,,,PLANNED,VERIFIED,2026-09-24,1
